MMSI,first_timestamp,last_timestamp,point_count,duration_hours,start_lat,start_lon,end_lat,end_lon,total_distance_km,mean_sog,width,length,draught,predicted_route,predicted_route_probability,route_distance,route_distance_threshold,route_distance_ratio,anomaly_score,is_anomaly,predicted_anchorage_id,predicted_anchorage_lat,predicted_anchorage_lon,anchorage_distance_km,anchorage_confidence
219419000,2026-01-07 02:00:00,2026-01-10 23:00:00,94,93.0,55.519672,5.6204886,55.46412,6.475857,426.23666958808514,2.9090096461702126,18.0,84.0,5.3,route_02,0.6501797458684961,5.882592990205431,3.1266177215723197,1.8814557819518727,1.4985468999967804,True,anchorage_143,55.50846652513967,5.062197154189944,89.20038234370045,0.021929732623957
248851000,2026-01-06 16:00:00,2026-01-10 23:00:00,104,103.0,57.685947,7.8594985,56.701435,11.802916,1017.9533313944238,5.686147758764424,44.0,250.0,13.0,route_04,0.481247248328854,6.296188812594868,3.9988863107056822,1.5744855750809732,1.3105523692285164,True,anchorage_147,56.551030545454545,11.842199590909088,16.895975575244716,0.10584264316155048
244859000,2026-01-05 05:00:00,2026-01-06 19:00:00,39,38.0,58.492966,10.163926,56.016586,7.28828,587.0393728775836,8.761332285566665,16.0,115.0,7.0,route_03,0.5267132509390011,5.524171690689999,3.8159107527646667,1.447667948388908,1.2040726485569309,True,anchorage_154,56.31643754545455,7.640537590909091,39.84095503598167,0.047800056147859774
220516000,2026-01-06 07:00:00,2026-01-08 11:00:00,53,52.0,54.36582,10.140419,58.398865,10.400018,671.4017461665832,7.249215891267926,16.0,106.0,6.2,route_04,0.5514549685367592,5.781619902731047,3.9988863107056822,1.445807520772144,1.1964918984449182,True,anchorage_064,58.18683659881423,11.2086168784585,52.81022189097532,0.03648954393905321
241969000,2026-01-01 00:00:00,2026-01-02 10:00:00,35,34.0,56.397137,11.49397,55.54367,16.046751,633.8759714080536,10.681959708571428,36.0,228.0,8.3,route_09,0.4412223789356302,5.16599488998008,3.740023557864132,1.381273355649743,1.1756494220033997,True,anchorage_146,55.205532567567566,15.287495499999999,60.9497616577903,0.0317713673146607
256717000,2026-01-04 16:00:00,2026-01-06 13:00:00,46,45.0,57.673782,11.8090515,54.10251,9.327543,612.850893632624,7.65911664928261,15.0,90.0,4.7,route_00,0.443431279921766,4.829703287190375,3.663217785296076,1.3184319279559347,1.1279661259865095,True,anchorage_057,54.15196263636363,9.371304,6.1942209719403944,0.24407445281847207
314237000,2026-01-01 00:00:00,2026-01-04 00:00:00,73,72.0,57.745785,9.343055,57.82174,8.75973,749.4398665294841,5.878930324224658,13.0,88.0,3.8,route_01,0.37299632034619196,5.721486460111396,4.454993695235818,1.2842860958995224,1.119965491838094,True,anchorage_066,57.59301078126156,9.961012352848686,75.75803044709859,0.025720816081635033
246278000,2026-01-10 20:00:00,2026-01-10 23:00:00,4,3.0,55.270164,6.230509,55.71704,6.6580706,56.52620344387999,11.4630005,21.0,121.0,6.7,route_02,0.5385528693124672,4.177188947049089,3.1266177215723197,1.3360088501476464,1.117368420282618,True,anchorage_154,56.31643754545455,7.640537590909091,90.39125975854105,0.021647069270695936
244641000,2026-01-01 00:00:00,2026-01-10 23:00:00,240,239.0,55.088055,8.568233,56.1507,12.43989,776.6092106877207,1.8849048856693331,15.0,58.0,2.4,route_03,0.63266688571982,5.216331060250064,3.8159107527646667,1.3669950368914625,1.117079556238642,True,anchorage_123,56.094522714285716,12.45790180952381,6.345616842062239,0.23964675563823168
352002808,2026-01-02 05:00:00,2026-01-04 16:00:00,60,59.0,54.117386,12.087725,57.790173,8.048603,618.8436069256817,5.825389460956667,18.0,146.0,7.3,route_06,0.6667000516882157,6.44595525374846,4.795039096516717,1.3442967041563907,1.091547515195239,True,anchorage_061,57.121492665178046,8.598549033846517,81.30541571417987,0.024008042968802674
304145000,2026-01-04 01:00:00,2026-01-07 17:00:00,89,88.0,54.76032,15.965559,55.61467,15.90397,943.2574180488604,6.067360705608988,14.0,90.0,5.8,route_04,0.5631161972545582,5.179945550175053,3.9988863107056822,1.2953470410767816,1.0807312314939466,True,anchorage_146,55.205532567567566,15.287495499999999,59.8668611237319,0.03232748459631819
219835000,2026-01-04 02:00:00,2026-01-10 23:00:00,166,165.0,55.149597,6.7554994,55.580193,6.2591987,1532.069491902737,5.2982206490475905,58.0,399.0,11.2,route_01,0.3616085739475023,5.406589488397389,4.454993695235818,1.2136020515986834,1.069799395212137,True,anchorage_143,55.50846652513967,5.062197154189944,75.72438439695895,0.025731950346309235
244780424,2026-01-01 00:00:00,2026-01-03 02:00:00,51,50.0,55.359154,12.687189,55.808884,6.853465,654.7145996899861,7.133984723529412,13.0,118.0,6.1,route_01,0.7027813002324965,5.880002368940454,4.454993695235818,1.3198677195050903,1.0642054645706935,True,anchorage_154,56.31643754545455,7.640537590909091,74.6483786812344,0.02609318076143017
247489200,2026-01-06 03:00:00,2026-01-07 04:00:00,26,25.0,55.053665,7.377931,55.20802,13.3463,764.9013544311064,17.094969423076922,26.0,204.0,6.0,route_05,0.5336662928715699,6.0186314207560105,4.7727135229159625,1.2610502163722652,1.0623710890613065,True,anchorage_007,55.36983676201373,13.148662311212814,21.917113325567325,0.08362213168350906
636024483,2026-01-05 06:00:00,2026-01-08 11:00:00,78,77.0,54.43485,7.488566,54.975193,7.1061025,1069.8231125163459,7.8771373646679494,30.0,210.0,8.1,route_10,0.5908442680838081,6.184600149146556,4.83570377166518,1.2789452044985132,1.0614978363529328,True,anchorage_047,54.75868224661246,8.294702672086721,79.77692474302673,0.024456776850985018
219030955,2026-01-01 00:00:00,2026-01-04 16:00:00,89,88.0,56.697193,8.218415,55.58101,15.900521,734.7053580366652,4.6466580353370786,12.0,56.0,7.0,route_10,0.5423981080303113,6.1024294648106245,4.83570377166518,1.2619527069809005,1.0608650032280975,True,anchorage_146,55.205532567567566,15.287495499999999,56.93753799296947,0.033934230510927955
246415000,2026-01-01 03:00:00,2026-01-07 22:00:00,164,163.0,55.511253,15.927757,54.378605,10.176092,557.9127555927334,1.9834755985207317,14.0,88.0,5.2,route_08,0.5178151120312656,4.894384977294346,3.907456090320062,1.2525758099801052,1.0599780794772624,True,anchorage_008,54.35458708533333,10.153914469777776,3.03259196225434,0.39740952872803614
255738000,2026-01-01 00:00:00,2026-01-04 09:00:00,82,81.0,56.6042,7.717175,55.983944,7.066183,1166.3599364450693,7.988241330689023,28.0,169.0,7.3,route_01,0.5629926862607385,5.642970435307786,4.454993695235818,1.2666618229656292,1.0592481956590374,True,anchorage_154,56.31643754545455,7.640537590909091,51.30681744181358,0.037518653260121486
211317180,2026-01-03 03:00:00,2026-01-06 15:00:00,85,84.0,55.807537,15.674163,55.93034,15.798348,986.356908444973,6.6114568343470586,17.0,100.0,7.3,route_11,0.7109263058008206,6.136298356298645,4.7435108245362505,1.2936195538034976,1.042483088902418,True,anchorage_146,55.205532567567566,15.287495499999999,86.7586684582012,0.022533010406097436
255806190,2026-01-06 23:00:00,2026-01-07 15:00:00,17,16.0,57.679245,8.075494,55.293713,7.3257365,276.39866818891056,9.593605288235294,22.0,139.0,7.6,route_03,0.5284445651257563,4.700084398243993,3.8159107527646667,1.2317071081494066,1.0416691898306158,True,anchorage_003,55.46781469590185,8.433565617789089,72.611319317188,0.02680558417011218
538011029,2026-01-10 17:00:00,2026-01-10 23:00:00,7,6.0,55.575634,6.2974176,56.157936,6.6367245,68.17110885580358,6.463941385714286,23.0,157.0,5.9,route_02,0.5363059593722901,3.8426957853007013,3.1266177215723197,1.2290264200793561,1.0376933252164444,True,anchorage_154,56.31643754545455,7.640537590909091,64.48744952778262,0.030080865098672117
219543000,2026-01-02 18:00:00,2026-01-05 21:00:00,76,75.0,54.815895,16.493023,54.76022,16.300798,1112.0059086233762,8.325279083776318,32.0,172.0,7.7,route_11,0.4320600447709374,5.659298235802362,4.7435108245362505,1.1930610986548436,1.0367808127983984,True,anchorage_146,55.205532567567566,15.287495499999999,81.43660665299237,0.023970294097863724
257041670,2026-01-03 04:00:00,2026-01-09 10:00:00,151,150.0,57.84359,8.826254,57.87242,9.1215515,1180.8944040763763,4.504674976418543,13.0,90.0,4.571987,route_11,0.378929517738804,5.552195987493538,4.7435108245362505,1.17048241120781,1.0331294289711566,True,anchorage_066,57.59301078126156,9.961012352848686,58.724616993538774,0.032935572079652704
255802950,2026-01-06 05:00:00,2026-01-09 19:00:00,87,86.0,55.47659,16.224504,55.33749,16.347492,1069.1073409533703,7.106791062431035,15.0,84.0,5.0,route_11,0.6526378650124615,5.968680300622359,4.7435108245362505,1.2582832676904214,1.0305529845147008,True,anchorage_146,55.205532567567566,15.287495499999999,68.73084562734932,0.02827620654413136
219945000,2026-01-04 21:00:00,2026-01-06 02:00:00,30,29.0,58.287796,10.79318,58.268284,11.050867,619.1167475444689,12.376176441766667,30.0,178.0,6.3,route_11,0.5409267224017161,5.756884028813416,4.7435108245362505,1.213633581067297,1.0249935052000436,True,anchorage_064,58.18683659881423,11.2086168784585,12.935520166246159,0.13390896183983883
305014400,2026-01-10 17:00:00,2026-01-10 23:00:00,7,6.0,55.592697,6.0583797,56.46273,7.136305,118.53612770609104,11.041991285714285,22.0,142.0,6.5,route_02,0.8296750721627196,4.080605578154344,3.1266177215723197,1.3051181633110815,1.0214198544426314,True,anchorage_154,56.31643754545455,7.640537590909091,35.04068272350487,0.05399468511229308
257064430,2026-01-06 02:00:00,2026-01-08 16:00:00,63,62.0,57.846268,8.770637,57.896507,8.697941,787.8070651727573,7.055391057761904,14.0,90.0,6.2,route_01,0.6410732591314776,5.513066660938534,4.454993695235818,1.2375026853201212,1.0178586992072214,True,anchorage_066,57.59301078126156,9.961012352848686,82.20064227872531,0.02375278793455633
261007705,2026-01-03 06:00:00,2026-01-06 17:00:00,84,83.0,54.410988,7.949425,54.75575,13.449732,914.0341001607651,6.186044840238096,10.0,30.0,4.8,route_07,0.5982330041778948,6.2289823209011566,5.100996907258432,1.221130385716891,1.0162895382431945,True,anchorage_032,54.617951705882355,13.427505088235293,15.388950921233052,0.11501556413951737
215207000,2026-01-07 23:00:00,2026-01-09 23:00:00,49,48.0,55.331997,5.960254,57.895004,10.413628,617.1947722460212,7.449153,54.0,398.0,9.9,route_01,0.5185380758183099,5.312091727113569,4.454993695235818,1.1923904028852685,1.0146582832093738,True,anchorage_018,57.70245397308669,10.603166847624228,24.177527380421488,0.0764014099168062
248897000,2026-01-01 16:00:00,2026-01-05 03:00:00,84,83.0,54.01368,9.296827,57.128483,7.545849,793.8077839677634,5.4866091642857135,23.0,144.0,6.2,route_06,0.7342020141031498,6.024149360108582,4.795039096516717,1.2563295603751663,1.0086966667555872,True,anchorage_144,56.792996430379745,7.466185170253165,37.61578360263684,0.0504849284330925
636020533,2026-01-06 12:00:00,2026-01-10 15:00:00,100,99.0,55.85667,6.868265,56.312637,7.3679476,1195.22189867571,6.824254526247,23.0,158.0,8.4,route_11,0.6265786074480338,5.767012919796873,4.7435108245362505,1.2157688963133515,1.0051820203730053,True,anchorage_154,56.31643754545455,7.640537590909091,16.816605209195526,0.10628909826001004
232031538,2026-01-09 08:00:00,2026-01-10 23:00:00,40,39.0,54.617523,7.888447,56.88907,12.478688,595.5933003595251,8.40595579,15.0,90.0,5.8,route_10,0.6115226787079533,5.85209506091085,4.83570377166518,1.2101847708706264,1.0047579084759815,True,anchorage_068,56.890981937759335,12.48484836307054,0.43035944964269973,0.822923539270716
211315100,2026-01-05 06:00:00,2026-01-07 07:00:00,50,49.0,55.71852,15.748735,54.16296,9.412556,483.2136762643087,6.033736713771999,22.0,155.0,7.9,route_00,0.6088268299888181,4.424021690038647,3.663217785296076,1.207687325551975,1.0035587866667768,True,anchorage_057,54.15196263636363,9.371304,2.951240900070689,0.4039391417960387
304953000,2026-01-08 07:00:00,2026-01-09 22:00:00,40,39.0,54.401943,10.205622,55.734512,15.543005,403.7870465451644,5.725112475,11.0,82.0,3.9,route_09,0.5515642458600418,4.442146609522237,3.740023557864132,1.187732253766625,1.0029081288599584,True,anchorage_146,55.205532567567566,15.287495499999999,60.98465019364346,0.0317537684793214
266468000,2026-01-06 02:00:00,2026-01-10 23:00:00,118,117.0,58.27942,11.276004,56.10392,14.865655,1029.3849584637305,5.129360848288137,17.0,119.0,7.2,route_05,0.478207508009007,5.526188491045913,4.7727135229159625,1.157871400517164,0.9988516733856212,True,anchorage_159,55.55545537602628,14.359066684729063,68.70420635806546,0.028286860188649204
265043000,2026-01-07 23:00:00,2026-01-10 15:00:00,65,64.0,55.805187,15.697366,55.738884,15.725708,1078.1022849386823,9.367902508153845,12.0,50.0,6.5,route_11,0.7188556296475718,5.837452467278678,4.7435108245362505,1.2306185614848633,0.9932500137017545,True,anchorage_146,55.205532567567566,15.287495499999999,65.4214264294895,0.02966416028132592
538010969,2026-01-04 01:00:00,2026-01-10 23:00:00,167,166.0,56.927208,7.3392835,54.229046,12.012272,684.8802347126369,2.371616705352096,32.0,199.0,7.2,route_04,0.695129916764926,4.882950999422237,3.9988863107056822,1.2210777251530673,0.992025814673569,True,anchorage_000,54.22358138547486,11.998307101489758,1.0923610825321346,0.6467550026086635
255769000,2026-01-04 17:00:00,2026-01-10 05:00:00,133,132.0,55.79345,15.711153,54.080463,11.435329,829.5565836957904,3.7025185959541353,15.0,107.0,6.5,route_00,0.6006285404282544,4.329579726462842,3.663217785296076,1.1819061765427925,0.9862724973000307,True,anchorage_033,54.15272352475248,11.773068811881187,23.4330136149408,0.07863794791605372
259210000,2026-01-10 06:00:00,2026-01-10 19:00:00,14,13.0,54.985104,7.43136,57.677746,8.122896,316.6460086635375,14.107863500000002,26.0,139.0,5.3,route_03,0.8177088113721849,4.774683171783502,3.8159107527646667,1.2512565102116695,0.984015179815706,True,anchorage_061,57.121492665178046,8.598549033846517,68.10077635336944,0.028530354498761106
244903000,2026-01-01 00:00:00,2026-01-02 05:00:00,30,29.0,57.56485,11.273119,54.753265,16.19445,706.7798482733598,13.574318366666667,25.0,172.0,7.2,route_05,0.5077422733592971,5.463974633125596,4.7727135229159625,1.1448360784468992,0.98169149049535,True,anchorage_106,55.059128416,15.135911152666667,75.73509085887724,0.0257284062821881
256516000,2026-01-10 16:00:00,2026-01-10 23:00:00,8,7.0,55.978706,6.3937664,57.043137,7.5665483,138.67949592442523,11.396196937500001,32.0,180.0,9.9,route_03,0.794631188577562,4.72350392297216,3.8159107527646667,1.2378444437019216,0.9797255356320508,True,anchorage_144,56.792996430379745,7.466185170253165,28.473612788327284,0.06563055105714563
218816000,2026-01-01 08:00:00,2026-01-02 11:00:00,28,27.0,53.962883,9.252477,58.295506,10.979955,569.1750331571544,11.931312732142855,23.0,135.0,7.5,route_07,0.5655087171911507,5.914369457018427,5.100996907258432,1.1594536449537172,0.9782130544175002,True,anchorage_064,58.18683659881423,11.2086168784585,18.030863753490458,0.09984591900843477
257364000,2026-01-07 14:00:00,2026-01-10 23:00:00,82,81.0,54.769077,16.056404,55.297344,10.788836,434.8070586398175,3.044598529895122,14.0,92.0,5.8,route_00,0.5808094393831617,4.2556530063867255,3.663217785296076,1.1617253616393344,0.9760916613837104,True,anchorage_072,55.30055018964357,10.804424703765973,1.0492336308083459,0.655902512615868
219034365,2026-01-07 21:00:00,2026-01-10 23:00:00,75,74.0,55.818302,15.704643,57.6716,11.785083,508.38485029534587,4.021696478764,22.0,147.0,7.3,route_01,0.5302799507391996,5.0719732808845714,4.454993695235818,1.1384916854783773,0.9712987764239831,True,anchorage_013,57.6609028220576,11.842623786454004,3.6229348400799326,0.3556861420025933
636022441,2026-01-01 00:00:00,2026-01-03 07:00:00,56,55.0,57.635178,11.015599,55.154934,6.736908,616.5810288948147,6.658621772678571,51.0,366.0,11.7,route_01,0.6727190081568601,5.238262936791832,4.454993695235818,1.1758182603925218,0.9636839432551763,True,anchorage_047,54.75868224661246,8.294702672086721,108.78079609422494,0.018053670586541858
257207000,2026-01-03 18:00:00,2026-01-06 01:00:00,56,55.0,57.844738,8.70045,57.910027,8.684227,832.6817272916362,8.555406814392857,14.0,90.0,6.2,route_10,0.44089836894613355,5.30202227962294,4.83570377166518,1.0964323974289232,0.962099705835159,True,anchorage_066,57.59301078126156,9.961012352848686,83.55342016725864,0.023377206850292605
266331000,2026-01-04 16:00:00,2026-01-06 08:00:00,41,40.0,54.31858,10.138879,54.317867,10.137051,842.1071483589357,11.62317283682927,30.0,241.0,5.5,route_07,0.7380908703251514,6.094189954117445,5.100996907258432,1.1947056751682705,0.9615065387949151,True,anchorage_008,54.35458708533333,10.153914469777776,4.226920187668666,0.3211860662612398
219013178,2026-01-01 00:00:00,2026-01-10 23:00:00,240,239.0,55.450073,10.664854,57.973984,9.50387,1008.5117524611973,2.589959496546958,6.0,17.0,3.8,route_01,0.47238697203682123,4.913979874469295,4.454993695235818,1.1030273465312235,0.9591737668892124,True,anchorage_066,57.59301078126156,9.961012352848686,50.28844665118983,0.03824936727116352
211638130,2026-01-06 09:00:00,2026-01-09 00:00:00,64,63.0,54.59076,13.487153,54.36898,10.152818,729.8130437470777,7.05866413505625,10.0,49.0,3.6,route_08,0.5658611543848348,4.427349584341192,3.907456090320062,1.1330516535576847,0.9583234515720549,True,anchorage_008,54.35458708533333,10.153914469777776,1.6019971861104734,0.5552475187132642
266470000,2026-01-01 06:00:00,2026-01-10 23:00:00,234,233.0,55.792942,15.680095,57.689945,11.878244,1456.5429319482043,3.537197121167949,20.0,130.0,6.3,route_06,0.5968607568728114,5.451794266261894,4.795039096516717,1.136965550546244,0.95350897369148,True,anchorage_013,57.6609028220576,11.842623786454004,3.861885641233934,0.3411871405220723
258709000,2026-01-02 14:00:00,2026-01-04 19:00:00,54,53.0,57.86336,8.668793,58.21624,10.981736,767.0416619940877,8.246161911,13.0,88.0,5.6,route_10,0.5479892968997634,5.41436766375319,4.83570377166518,1.11966487597497,0.9527513327562868,True,anchorage_064,58.18683659881423,11.2086168784585,13.689640558820932,0.12747264620256532
244750397,2026-01-08 07:00:00,2026-01-09 23:00:00,41,40.0,57.955193,12.0989685,55.01846,7.640581,540.1178205411748,7.622981792439025,13.0,89.0,5.7,route_10,0.6854105215423272,5.6353531416038924,4.83570377166518,1.1653635970474991,0.9526700674000426,True,anchorage_047,54.75868224661246,8.294702672086721,50.838271143103285,0.03785135199793625
244024000,2026-01-02 11:00:00,2026-01-05 13:00:00,75,74.0,58.2895,11.299136,58.217308,11.243513,542.6115026150436,4.42009264692,17.0,124.0,5.7,route_01,0.6800023590191573,5.1526142659688245,4.454993695235818,1.1565929423152816,0.9474441169816719,True,anchorage_064,58.18683659881423,11.2086168784585,3.9573758022762013,0.3357182871081991
477732600,2026-01-10 19:00:00,2026-01-10 23:00:00,5,4.0,55.297302,6.055234,55.980427,6.7279253,87.21828619316408,12.232275000000001,32.0,190.0,6.2,route_02,0.883728181855563,3.82666277685659,3.1266177215723197,1.2238985119460752,0.9469918384956657,True,anchorage_154,56.31643754545455,7.640537590909091,67.75861467909094,0.028670294116369097
244063000,2026-01-01 00:00:00,2026-01-10 11:00:00,228,227.0,55.97669,7.161792,54.812584,13.083157,918.8110555076616,2.2743679685122804,13.0,89.0,5.8,route_04,0.5958538709193091,4.508217165798544,3.9988863107056822,1.1273681759167042,0.946562664207701,True,anchorage_032,54.617951705882355,13.427505088235293,30.944670497976134,0.06070784651262075
636023850,2026-01-03 19:00:00,2026-01-10 00:00:00,150,149.0,55.21215,7.3428574,55.667683,15.897895,970.3781061744362,3.675804954734,30.0,180.0,6.4,route_01,0.6893318809035666,5.1594172503244415,4.454993695235818,1.1581199892251106,0.9462570216929412,True,anchorage_146,55.205532567567566,15.287495499999999,64.21403384354376,0.030205077140078383
219028116,2026-01-03 05:00:00,2026-01-04 12:00:00,32,31.0,55.060852,16.020853,55.107937,16.37767,833.5355642938259,15.312099787343751,32.0,230.0,6.9,route_04,0.5950051346503165,4.484300263174385,3.9988863107056822,1.1213872850471314,0.9422891801227695,True,anchorage_146,55.205532567567566,15.287495499999999,70.10251680282843,0.027738282776857855
319076100,2026-01-01 00:00:00,2026-01-02 12:00:00,37,36.0,54.920536,10.930641,56.94872,7.2940063,637.3204259612013,10.020822924594595,32.0,200.0,9.5,route_01,0.5256096744111614,4.883502674448799,4.454993695235818,1.0961862145105232,0.940737242280102,True,anchorage_144,56.792996430379745,7.466185170253165,20.23160754067585,0.08996200550683162
266343000,2026-01-03 15:00:00,2026-01-05 08:00:00,42,41.0,54.3179,10.13655,54.317936,10.137169,845.3722043181082,11.443815816666667,30.0,243.0,6.0,route_07,0.7543837773971847,5.973172535267069,5.100996907258432,1.1709814069417646,0.9396401108570273,True,anchorage_008,54.35458708533333,10.153914469777776,4.217533440804827,0.32167096792343275
219029880,2026-01-01 00:00:00,2026-01-06 15:00:00,136,135.0,57.59723,11.673351,55.71696,15.697871,746.5628764987321,3.124678387116912,22.0,147.0,6.4,route_01,0.6873252772300995,5.116270701539369,4.454993695235818,1.148435003849887,0.9394949335798903,True,anchorage_146,55.205532567567566,15.287495499999999,62.476358463838366,0.031019121545484026
244810323,2026-01-07 17:00:00,2026-01-10 23:00:00,79,78.0,54.500042,7.972153,57.936676,11.370215,520.0888568352,3.7905965245822784,15.0,119.0,4.5,route_01,0.7299193222773355,5.178984061497549,4.454993695235818,1.1625120967142935,0.9394042419663862,True,anchorage_026,57.94302888650963,11.569178693790146,11.764731632087077,0.1452988734874993
231123000,2026-01-01 00:00:00,2026-01-03 03:00:00,52,51.0,57.458683,8.843885,57.80768,8.311677,834.1140175110529,9.23239496514423,21.0,130.0,6.9,route_01,0.49736513378413466,4.831202052043023,4.454993695235818,1.0844464397804925,0.9389935463893356,True,anchorage_061,57.121492665178046,8.598549033846517,78.20538469497505,0.024935981637717923
255814000,2026-01-04 15:00:00,2026-01-05 05:00:00,15,14.0,54.064728,11.125146,55.753265,15.952481,365.38874486242105,15.037167166666668,26.0,187.0,6.2,route_09,0.6710870290691398,4.249896803446293,3.740023557864132,1.136328886086841,0.9344749072978458,True,anchorage_146,55.205532567567566,15.287495499999999,73.92733088880196,0.026340975990965163
636024881,2026-01-01 00:00:00,2026-01-08 06:00:00,175,174.0,58.222076,9.780582,55.68733,15.957061,1302.0028522541038,4.4585892811428565,50.0,274.0,9.5,route_01,0.6281788280972607,4.9867404482723705,4.454993695235818,1.1193597094436303,0.9324750750584075,True,anchorage_146,55.205532567567566,15.287495499999999,68.21439516837367,0.028484187540233206
314845000,2026-01-09 14:00:00,2026-01-10 23:00:00,34,33.0,55.71551,15.913291,57.661663,11.047941,741.7502102531633,12.593938794117648,32.0,228.0,13.0,route_11,0.48289496551625655,5.069994489000945,4.7435108245362505,1.0688274311035462,0.9308968319485954,True,anchorage_148,57.593671125,10.677636750000001,23.306694188023553,0.07903047253585987
211302790,2026-01-02 14:00:00,2026-01-06 09:00:00,92,91.0,54.141846,9.3712435,57.02511,7.5613256,751.7376458009569,4.681301386956521,15.0,87.0,4.3,route_06,0.6873225836488159,5.444061503740025,4.795039096516717,1.1353528916364375,0.9296840228151241,True,anchorage_144,56.792996430379745,7.466185170253165,26.448267097814934,0.07030305196177017
219825000,2026-01-01 00:00:00,2026-01-06 04:00:00,125,124.0,55.454937,8.448723,55.727894,15.815918,945.5150179652175,4.359166401927999,26.0,197.0,6.1,route_07,0.6595142928036556,5.7339703263087385,5.100996907258432,1.124088179341889,0.9281875613055028,True,anchorage_146,55.205532567567566,15.287495499999999,66.9565701223094,0.02900376275172282
305426000,2026-01-03 10:00:00,2026-01-06 14:00:00,77,76.0,57.750496,8.915334,57.80238,8.732808,1094.1198923972036,8.357378847259742,26.0,176.0,6.7,route_07,0.775180960121563,5.926937028051504,5.100996907258432,1.1619173929742646,0.9276428047003077,True,anchorage_061,57.121492665178046,8.598549033846517,76.13588874110717,0.025596432474541027
257182000,2026-01-02 10:00:00,2026-01-03 03:00:00,18,17.0,54.318314,10.14128,58.159817,10.8363285,477.0520495066357,15.861786777777777,36.0,225.0,6.9,route_06,0.5129588566282782,5.14890566303952,4.795039096516717,1.0737984736724804,0.9271091410972907,True,anchorage_064,58.18683659881423,11.2086168784585,22.03631911147795,0.08320741585781949
259254000,2026-01-01 00:00:00,2026-01-05 19:00:00,116,115.0,57.31508,8.814029,55.890404,15.441564,726.4855416071508,3.5799322382844823,16.0,90.0,6.1,route_11,0.595449349028225,5.222524286087887,4.7435108245362505,1.1009828962703943,0.9268748349457395,True,anchorage_146,55.205532567567566,15.287495499999999,76.76849914135661,0.025390860836523418
304011027,2026-01-03 10:00:00,2026-01-08 18:00:00,129,128.0,57.851654,8.725604,57.889004,9.200622,1200.1854976849468,5.304612645581395,12.0,90.0,3.8685,route_07,0.7311634998425359,5.827651848510401,5.100996907258432,1.1424535153546123,0.9240492615553253,True,anchorage_066,57.59301078126156,9.961012352848686,55.85562901434685,0.034568805733735025
538007403,2026-01-07 07:00:00,2026-01-10 02:00:00,68,67.0,54.68731,15.091821,58.086395,11.803682,606.1618337259732,5.391155121580882,26.0,160.0,7.100904,route_01,0.7425841629980012,5.104856168215924,4.454993695235818,1.145872815414996,0.9237585708117467,True,anchorage_151,58.08231781818183,11.805268727272727,0.46285865091820116,0.8120644679524589
230687000,2026-01-07 07:00:00,2026-01-10 17:00:00,83,82.0,54.15635,12.130749,57.773468,8.45906,650.5628984064714,4.505887025277108,44.0,250.0,8.5,route_01,0.7387750482190102,5.054236681248017,4.454993695235818,1.1345104004643218,0.9161890382934889,True,anchorage_061,57.121492665178046,8.598549033846517,72.9752066230508,0.02667548500473367
209276000,2026-01-01 00:00:00,2026-01-01 21:00:00,22,21.0,54.848648,12.970837,54.019783,9.298322,287.2694914559191,7.915349049999998,24.0,153.0,7.3,route_00,0.630535275111964,3.9925487979479626,3.663217785296076,1.0899021111913685,0.9097927646155354,True,anchorage_057,54.15196263636363,9.371304,15.449346359432262,0.11461747384703026
219001647,2026-01-01 00:00:00,2026-01-10 23:00:00,240,239.0,55.857704,9.859332,54.37313,10.990238,307.47647654422053,0.8080903733903333,6.0,36.0,2.0,route_04,0.45143495874835055,4.111504161984678,3.9988863107056822,1.0281623038338197,0.9082629881882771,True,anchorage_042,54.372770323529416,10.99497898133484,0.30967577591639084,0.8659224038518898
231099000,2026-01-02 22:00:00,2026-01-04 09:00:00,36,35.0,54.02454,9.299847,58.07851,11.79217,546.0839218057644,8.890529427777777,12.0,75.0,4.7,route_07,0.633609597502345,5.549486422331804,5.100996907258432,1.0879219343252682,0.9075390513683648,True,anchorage_151,58.08231781818183,11.805268727272727,0.8788238503867721,0.6947281612007273
219421000,2026-01-01 00:00:00,2026-01-06 15:00:00,136,135.0,56.00386,8.122589,55.28887,13.709222,551.059705342626,2.296466276985294,4.0,14.0,4.9573607,route_03,0.7751069057714102,4.330993599086904,3.8159107527646667,1.1349829384633943,0.9074604774046933,True,anchorage_017,55.42421111235956,13.822725109550559,16.671997026626443,0.10711227069862861
210745000,2026-01-01 00:00:00,2026-01-06 20:00:00,141,140.0,55.46613,8.43552,54.51619,13.766038,817.3694919854357,3.2378133476219855,15.0,92.0,4.8,route_07,0.6498781863005647,5.5659118570499695,5.100996907258432,1.0911419783709317,0.9058869372030576,True,anchorage_032,54.617951705882355,13.427505088235293,24.582658876892708,0.07523701858652386
218004830,2026-01-03 21:00:00,2026-01-05 11:00:00,39,38.0,55.103107,7.3191013,57.89719,8.797652,674.6606805059205,10.008048395470516,18.0,80.0,6.8,route_10,0.7767288254365942,5.475377175968725,4.83570377166518,1.1322813461096837,0.9050288032231142,True,anchorage_066,57.59301078126156,9.961012352848686,76.87654144432177,0.025356081331377615
219560000,2026-01-05 14:00:00,2026-01-06 02:00:00,13,12.0,54.01825,10.994188,55.659245,16.116226,380.21018273900165,17.75254753846154,26.0,186.0,5.9,route_09,0.7754382948869223,4.232399888079197,3.740023557864132,1.1316505959380248,0.904878373231788,True,anchorage_146,55.205532567567566,15.287495499999999,72.65519698554313,0.0267898295196689
244090800,2026-01-03 13:00:00,2026-01-06 00:00:00,60,59.0,57.8681,8.628299,54.152996,12.107922,583.5833449550672,5.450195806666668,13.0,88.0,3.7,route_05,0.861307097822903,5.527737600631869,4.7727135229159625,1.1581959767940593,0.9033202081398187,True,anchorage_030,54.15790260967302,12.101105711852862,0.7033226417172829,0.7398302996232452
245535000,2026-01-03 22:00:00,2026-01-05 08:00:00,35,34.0,58.40603,10.471154,55.283806,7.394529,571.6376183543878,9.616591723657145,14.0,123.0,4.5,route_10,0.6882747123915927,5.307232482312857,4.83570377166518,1.0975098419821745,0.9010637033887328,True,anchorage_003,55.46781469590185,8.433565617789089,68.7603824885922,0.02826440346506655
210167000,2026-01-08 09:00:00,2026-01-10 01:00:00,41,40.0,56.447998,7.223631,58.129753,11.089628,759.7290923240387,10.819010082565853,20.0,142.0,7.2,route_05,0.6528859084119704,5.163215688913967,4.7727135229159625,1.0818197371627327,0.8981433257690569,True,anchorage_064,58.18683659881423,11.2086168784585,9.434752402008169,0.1749054050045509
311818000,2026-01-04 02:00:00,2026-01-08 04:00:00,99,98.0,54.75499,15.869869,54.253075,11.444195,693.442411120901,4.0001955352121215,11.0,82.0,4.2,route_07,0.5052009802822505,5.256047351373368,5.100996907258432,1.0303961062776392,0.8964968346376668,True,anchorage_033,54.15272352475248,11.773068811881187,24.125515846521036,0.07655351234974091
258517000,2026-01-08 05:00:00,2026-01-08 08:00:00,4,3.0,58.42621,8.753823,58.426224,8.753797,0.002324225600009648,0.0,6.0,28.0,3.6,route_10,0.8669078036015471,5.564627362001387,4.83570377166518,1.1507378501154963,0.8963264366862355,True,anchorage_066,57.59301078126156,9.961012352848686,116.79195226353617,0.016836157348126272
247353800,2026-01-01 09:00:00,2026-01-05 23:00:00,111,110.0,57.888477,8.523784,58.406403,10.587623,1425.757267771904,7.392494705571172,48.0,300.0,8.4,route_07,0.6202064702348659,5.400779902891477,5.100996907258432,1.0587694917451274,0.8890255012501291,True,anchorage_064,58.18683659881423,11.2086168784585,43.73644834392896,0.043728799948793556
538011942,2026-01-07 13:00:00,2026-01-10 23:00:00,83,82.0,57.683453,7.6117496,57.56564,11.585334,724.295824700681,4.997796678774699,44.0,250.0,12.2,route_05,0.7307044034407528,5.180859183529274,4.7727135229159625,1.0855164800178387,0.8814612591531907,True,anchorage_152,57.56893317391304,11.577412141304347,0.5977216707567403,0.7699054223223928
314621000,2026-01-05 18:00:00,2026-01-08 21:00:00,76,75.0,54.365013,10.170407,57.807095,8.8946,671.0499080464997,5.1299009999736835,12.0,88.0,5.8,route_06,0.6337089952628816,5.04841788513608,4.795039096516717,1.0528418608314216,0.8812041468078458,True,anchorage_066,57.59301078126156,9.961012352848686,67.68655224428097,0.028699941891071754
265412000,2026-01-08 17:00:00,2026-01-10 21:00:00,53,52.0,55.815517,15.734812,55.793575,15.871166,976.097029537915,10.832222292452826,24.0,170.0,6.0,route_04,0.7390542846924872,4.350415867142345,3.9988863107056822,1.0879068643425946,0.8811665770838242,True,anchorage_146,55.205532567567566,15.287495499999999,75.01189800658449,0.025970013098872084
255805882,2026-01-04 11:00:00,2026-01-09 19:00:00,129,128.0,55.829857,15.841227,54.77572,15.946553,985.3499673010646,4.3695056814418605,18.0,107.0,5.2,route_07,0.5313656405662186,5.195238326803872,5.100996907258432,1.0184750983501556,0.8810149136210621,True,anchorage_106,55.059128416,15.135911152666667,60.63932864252957,0.03192882240826063
354056000,2026-01-09 05:00:00,2026-01-10 23:00:00,43,42.0,55.698288,15.834101,57.429523,11.476532,706.3495864835584,9.472929841860466,38.0,229.0,14.5,route_11,0.5561267276278735,4.867144016076516,4.7435108245362505,1.0260636469723567,0.8805160533222992,True,anchorage_152,57.56893317391304,11.577412141304347,16.63221882056521,0.10734094630707701
236729000,2026-01-03 05:00:00,2026-01-06 07:00:00,75,74.0,58.31139,10.326244,55.683292,15.543678,993.1823431129596,7.586525140362667,16.0,116.0,7.1,route_07,0.7116111936807556,5.49208943074486,5.100996907258432,1.0766698217224804,0.8795995678716715,True,anchorage_146,55.205532567567566,15.287495499999999,55.52717671150421,0.03476617686332663
231355000,2026-01-06 19:00:00,2026-01-10 19:00:00,97,96.0,54.525417,7.5233827,57.806553,8.70962,1255.0092719715924,7.656455058411339,22.0,138.0,6.6,route_01,0.7982454787682252,4.923259377594755,4.454993695235818,1.1051102906968648,0.8792713483305924,True,anchorage_061,57.121492665178046,8.598549033846517,76.46437351388553,0.025489275073942542
244335000,2026-01-01 22:00:00,2026-01-03 06:00:00,33,32.0,57.68929,11.869958,55.927544,6.838355,405.2276304980692,7.128923848484849,16.0,115.0,7.0,route_10,0.5975602145678145,4.995011642864963,4.83570377166518,1.0329440922608302,0.8753180155536691,True,anchorage_154,56.31643754545455,7.640537590909091,65.89471403880997,0.029457374234712296
212882000,2026-01-01 00:00:00,2026-01-08 14:00:00,183,182.0,54.333355,9.740243,55.54785,6.915562,1379.9150982980468,4.339512137103825,20.0,100.0,5.3,route_11,0.6629169926362145,4.999314190847023,4.7435108245362505,1.0539270122432536,0.8747160110233866,True,anchorage_087,56.00224435513306,8.125310248574145,90.97694301005863,0.02151070937859972
255806519,2026-01-06 14:00:00,2026-01-07 17:00:00,28,27.0,57.68437,11.835983,54.738907,16.087353,526.6463341694044,10.874504214285716,23.0,144.0,6.5,route_05,0.7493733958020494,5.164135083943235,4.7727135229159625,1.082012372866689,0.8741659306995044,True,anchorage_106,55.059128416,15.135911152666667,70.48814013537283,0.02759072030631447
667002240,2026-01-01 00:00:00,2026-01-02 05:00:00,30,29.0,57.573685,11.231374,55.649178,15.623557,703.3812813072813,13.500570350000002,44.0,250.0,8.2,route_11,0.6374192673909881,4.934599287567799,4.7435108245362505,1.0402841840358255,0.8708583211791221,True,anchorage_146,55.205532567567566,15.287495499999999,53.69533420017441,0.03590965075838861
257759000,2026-01-01 00:00:00,2026-01-06 15:00:00,136,135.0,56.695408,8.21943,55.095768,14.683142,663.7641793400884,2.724769799988971,19.0,89.0,5.6,route_05,0.5963674133810913,4.8970581164714115,4.7727135229159625,1.0260532279925065,0.870448067649107,True,anchorage_028,55.09676789551712,14.692940593363927,0.6332793279511999,0.7595092471849854
305530000,2026-01-06 12:00:00,2026-01-10 23:00:00,108,107.0,57.71655,8.540918,57.817554,9.37873,1410.584330677124,7.580428548944446,26.0,176.0,7.0,route_07,0.8119056052097589,5.5967687438278695,5.100996907258432,1.0971911658805324,0.8699169731079597,True,anchorage_066,57.59301078126156,9.961012352848686,42.66187678664776,0.04478092153525276
244201000,2026-01-04 16:00:00,2026-01-05 14:00:00,23,22.0,54.89945,7.5073647,58.50418,9.80773,440.8003450388378,11.154340695652172,23.0,151.0,7.9,route_10,0.8203937920445487,5.292452155565831,4.83570377166518,1.0944533423608305,0.8657415587594857,True,anchorage_064,58.18683659881423,11.2086168784585,89.03690981697021,0.02196911125411662
265057000,2026-01-09 16:00:00,2026-01-10 23:00:00,32,31.0,55.749504,15.558823,55.666176,11.093134,476.6432035858401,8.659103823437501,23.0,149.0,7.0,route_00,0.7719204674037511,3.9488348896257994,3.663217785296076,1.0779689117791937,0.8654965669834576,True,anchorage_015,55.67474718561279,11.097358335035524,0.9892030768793704,0.6690746491830639
311000648,2026-01-08 11:00:00,2026-01-10 06:00:00,44,43.0,54.36679,10.13379,54.73429,16.117579,416.6054574644334,5.319432306818182,17.0,127.0,5.3,route_04,0.8247810260210786,4.378676187395653,3.9988863107056822,1.0949739120297595,0.86503517751705,True,anchorage_106,55.059128416,15.135911152666667,72.42041048488403,0.026874347870013856
248886000,2026-01-07 06:00:00,2026-01-10 23:00:00,90,89.0,57.699974,8.296991,55.855507,9.870791,781.1499267876753,5.070290602568889,14.0,88.0,6.3,route_11,0.6440143037894601,4.902412156772443,4.7435108245362505,1.033498676004756,0.864120431056202,True,anchorage_091,55.85709990681362,9.862217598697397,0.5636247857849404,0.7801453672510162
431787000,2026-01-10 20:00:00,2026-01-10 23:00:00,4,3.0,54.324966,7.0531645,54.315033,7.1768227,9.070986542184576,2.3058352725000004,59.0,400.0,12.8,route_08,0.9605631568442834,4.447729708046232,3.907456090320062,1.1382673548308295,0.8635597269120513,True,anchorage_038,54.631808243710694,8.384440261006292,85.60874041843591,0.022828772454068186
259319000,2026-01-01 00:00:00,2026-01-01 19:00:00,20,19.0,54.80595,12.795234,54.01251,9.293008,273.2656501765044,8.319237095,20.0,123.0,5.8,route_08,0.5561016775422996,3.9173067719611323,3.907456090320062,1.0025209961195658,0.8628653277040994,True,anchorage_057,54.15196263636363,9.371304,16.325854042668425,0.1091354321246564
268249201,2026-01-01 00:00:00,2026-01-08 09:00:00,178,177.0,54.83135,11.126286,57.997894,11.747166,470.39343309628316,1.6015506907084274,15.0,92.0,6.3,route_07,0.6047320928298222,5.188964983991878,5.100996907258432,1.01724527152884,0.8617509304391744,True,anchorage_151,58.08231781818183,11.805268727272727,9.991028204961038,0.1667913681641197
244519000,2026-01-08 20:00:00,2026-01-09 09:00:00,14,13.0,53.91345,10.863435,55.761494,15.881026,386.35678432178804,17.1518365,29.0,205.0,7.3,route_04,0.8417225984812423,4.382048917775423,3.9988863107056822,1.0958173294509401,0.8614323474678945,True,anchorage_146,55.205532567567566,15.287495499999999,72.25089152060461,0.02693570351872476
246970000,2026-01-07 16:00:00,2026-01-09 20:00:00,53,52.0,58.301453,11.322223,58.202553,11.221694,616.5872490848438,6.623579738792454,22.0,130.0,7.8,route_11,0.6670702721270557,4.89300094114237,4.7435108245362505,1.0315146569989613,0.856868424717457,True,anchorage_064,58.18683659881423,11.2086168784585,1.9082391915300776,0.5117394053911524
314526000,2026-01-09 19:00:00,2026-01-10 23:00:00,29,28.0,57.66746,7.869266,55.630318,12.887355,452.29148936123335,8.897507203448276,18.0,148.0,4.8,route_01,0.7179713436385858,4.669065305853927,4.454993695235818,1.0480520569191911,0.8565462067797468,True,anchorage_115,55.58707356656184,12.922412896750526,5.288733756444999,0.27439608398804766
277339000,2026-01-09 12:00:00,2026-01-10 15:00:00,28,27.0,56.157784,14.816787,56.15779,14.81677,0.03297363206482528,0.0,26.0,186.0,6.0,route_09,0.9702201212137528,4.2244593960107775,3.740023557864132,1.1295274830897855,0.8545905820139009,True,anchorage_159,55.55545537602628,14.359066684729063,72.81336226624717,0.026733192299022244
277291000,2026-01-01 00:00:00,2026-01-07 10:00:00,155,154.0,55.23716,13.905407,54.318314,10.137687,854.9148435375062,3.1665479638064515,24.0,154.0,5.2,route_01,0.7935247968777037,4.748732531160571,4.454993695235818,1.0659347366167717,0.8510698532431529,True,anchorage_008,54.35458708533333,10.153914469777776,4.1683288520757245,0.3242369283419404
352001831,2026-01-10 16:00:00,2026-01-10 23:00:00,8,7.0,55.47785,6.5789876,57.213936,8.149151,216.75665819531196,17.6377335,32.0,200.0,7.5,route_03,0.9303759440968221,4.2390583710994125,3.8159107527646667,1.1108903341170049,0.8505737645635482,True,anchorage_061,57.121492665178046,8.598549033846517,28.977663054666888,0.06456264943131962
305425000,2026-01-05 16:00:00,2026-01-05 21:00:00,6,5.0,57.970764,8.808114,58.488667,9.698833,77.79009865292034,9.542473333333334,26.0,176.0,10.0,route_10,0.6603132934038605,4.921697708525877,4.83570377166518,1.0177831275283193,0.8482590222952744,True,anchorage_064,58.18683659881423,11.2086168784585,94.29460163331979,0.020769596281376188
275551000,2026-01-09 21:00:00,2026-01-10 23:00:00,27,26.0,54.87367,16.111486,55.466324,12.202926,265.78990318705956,5.614193110955556,12.0,81.0,5.3,route_00,0.6473531743119726,3.7106681799178256,3.663217785296076,1.0129532005474018,0.8478766068325582,True,anchorage_065,55.46214996307094,12.199049792517007,0.524524974247874,0.7922282490375662
355076000,2026-01-06 22:00:00,2026-01-09 05:00:00,56,55.0,55.233337,13.66474,56.596493,7.300924,653.5185630933369,7.079637880196428,22.0,144.0,6.8,route_01,0.7638451232725592,4.682053457955263,4.454993695235818,1.0509674711688735,0.8472643225585152,True,anchorage_144,56.792996430379745,7.466185170253165,24.067545866401392,0.07672375490390185
636023244,2026-01-07 11:00:00,2026-01-10 23:00:00,85,84.0,54.80662,16.386364,53.869404,7.8389177,1361.560263917333,9.075716175341174,28.0,172.0,7.5,route_06,0.8959782490944989,5.249786360630628,4.795039096516717,1.0948370294716168,0.8471332098300879,True,anchorage_045,54.51367943636363,8.692931783116885,90.65873782675638,0.021584580654869172
314216000,2026-01-03 23:00:00,2026-01-10 23:00:00,169,168.0,55.73581,6.67697,57.64969,10.677311,870.8713328017268,2.9181093407710055,13.0,100.0,5.3,route_11,0.7639699622057429,4.974230341376093,4.7435108245362505,1.0486389776210532,0.8454867426643542,True,anchorage_148,57.593671125,10.677636750000001,6.229053501085218,0.24304131693107198
311001769,2026-01-08 23:00:00,2026-01-09 23:00:00,25,24.0,54.359737,8.186577,57.421474,7.9382305,351.90024224346246,8.481286284,11.0,82.0,4.5,route_03,0.8815804863293347,4.151012499613085,3.8159107527646667,1.087816977010176,0.8454676111752983,True,anchorage_061,57.121492665178046,8.598549033846517,51.85072574359115,0.0371397037344111
258913000,2026-01-07 20:00:00,2026-01-10 23:00:00,76,75.0,57.692284,7.867916,57.107582,11.696458,1094.7495448361021,8.357165290868423,28.0,180.0,9.0,route_05,0.8087659902898351,5.071935435908193,4.7727135229159625,1.062694295719936,0.8448292242174931,True,anchorage_150,57.24408154101562,12.112255535156251,29.299782571245352,0.0638982074539192
314556000,2026-01-07 20:00:00,2026-01-10 23:00:00,76,75.0,56.698135,7.2397046,56.461033,11.206419,447.44154177700636,3.407424770460526,30.0,180.0,9.5,route_01,0.6342218089149491,4.460363386715032,4.454993695235818,1.0012053196584667,0.8423485375151128,True,anchorage_020,56.41166588100128,10.924791651026956,18.16261135599522,0.09919350051873678
257141000,2026-01-04 00:00:00,2026-01-06 14:00:00,63,62.0,58.144527,10.73961,57.89038,8.76775,651.5510863442811,5.889606368444444,13.0,88.0,5.4,route_01,0.8210939322261731,4.724837813454576,4.454993695235818,1.0605711560281958,0.8401548839646036,True,anchorage_066,57.59301078126156,9.961012352848686,78.15653796553069,0.024951177418117157
275541000,2026-01-08 21:00:00,2026-01-10 09:00:00,37,36.0,55.347473,13.135887,54.32105,10.1438,270.5050208503677,4.460838999891891,16.0,92.0,5.2,route_04,0.6866074525430252,4.050831519142912,3.9988863107056822,1.012989918792681,0.8380905759587544,True,anchorage_008,54.35458708533333,10.153914469777776,3.7863650405066607,0.3456401360783967
636023557,2026-01-03 05:00:00,2026-01-06 22:00:00,90,89.0,56.89002,7.455868,54.760384,13.088273,924.7415165006483,6.0794514536555555,24.0,165.0,6.0,route_05,0.9166848182148195,5.197655505376857,4.7727135229159625,1.0890357194959546,0.8376055850682611,True,anchorage_032,54.617951705882355,13.427505088235293,26.94827974677297,0.06908873402824399
305412000,2026-01-01 22:00:00,2026-01-04 14:00:00,65,64.0,58.305004,11.037281,56.40179,7.3465085,823.420435733829,7.5809384736984615,20.0,129.0,6.6,route_01,0.8789559677954158,4.783792366810538,4.454993695235818,1.073804520066176,0.8356143981007782,True,anchorage_154,56.31643754545455,7.640537590909091,20.448240880925827,0.08909384083183958
636023946,2026-01-01 00:00:00,2026-01-05 07:00:00,104,103.0,57.791847,9.853806,56.173904,6.9738245,1170.6148142284376,6.661227930796153,28.0,172.0,8.6,route_07,0.6665068938837884,5.112598004519117,5.100996907258432,1.002274280394912,0.835078986825237,True,anchorage_154,56.31643754545455,7.640537590909091,44.13609602485488,0.04335000514396668
265034000,2026-01-01 00:00:00,2026-01-03 07:00:00,56,55.0,57.939423,11.577397,55.62132,15.424786,566.0359846709808,5.953939599255357,12.0,63.0,7.1,route_05,0.8386816190217332,5.053105564123476,4.7727135229159625,1.0587489778846404,0.834391328658047,True,anchorage_146,55.205532567567566,15.287495499999999,47.038614847090834,0.04078418622214913
636023265,2026-01-05 06:00:00,2026-01-08 20:00:00,87,86.0,56.099987,6.708383,57.068447,7.5190144,1153.260814776724,7.660202288505748,51.0,366.0,11.9,route_01,0.8254960508226544,4.696928475443589,4.454993695235818,1.0543064248253586,0.8343558059133555,True,anchorage_144,56.792996430379745,7.466185170253165,30.796012034204217,0.060983024335828494
563167500,2026-01-05 11:00:00,2026-01-07 17:00:00,55,54.0,55.480873,16.213722,54.894638,7.4489737,1225.891173162686,12.748722116363636,32.0,294.0,11.9,route_06,0.9798676261865229,5.265350063476972,4.795039096516717,1.098082822161326,0.8285952100743637,True,anchorage_047,54.75868224661246,8.294702672086721,56.24190084237621,0.03433953856370053
219034373,2026-01-01 00:00:00,2026-01-02 08:00:00,33,32.0,57.45184,11.429653,55.739872,15.756377,698.4577204042432,12.058143075757576,22.0,147.0,9.0,route_11,0.7979339805903806,4.9161407500906895,4.7435108245362505,1.0363928600439773,0.8278111498853878,True,anchorage_146,55.205532567567566,15.287495499999999,66.35875777338124,0.029257407026474606
212677000,2026-01-01 00:00:00,2026-01-05 07:00:00,104,103.0,54.43844,12.026284,56.545147,7.3123336,761.7811554038141,4.203965743960577,32.0,225.0,13.5,route_01,0.8617207900968302,4.710251991313348,4.454993695235818,1.0572971172440724,0.8275426404088467,True,anchorage_144,56.792996430379745,7.466185170253165,29.118640322936937,0.06427016023980454
219018692,2026-01-01 00:00:00,2026-01-03 12:00:00,61,60.0,56.103046,10.392369,55.94281,6.865744,1054.3164015548311,6.527294434911476,60.0,399.0,12.0,route_01,0.7372979694601087,4.509122199784535,4.454993695235818,1.0121500743326757,0.8247880633844795,True,anchorage_154,56.31643754545455,7.640537590909091,63.49286715474016,0.030537676649192876
246539000,2026-01-03 09:00:00,2026-01-04 09:00:00,25,24.0,54.947224,7.459457,58.531033,9.822659,439.8913202776995,10.129957339999999,16.0,150.0,7.0,route_10,0.9094608244801132,5.152413700647948,4.83570377166518,1.0654940715844776,0.8217553475683299,True,anchorage_064,58.18683659881423,11.2086168784585,89.44582274866106,0.021870873265550927
412705880,2026-01-03 14:00:00,2026-01-04 18:00:00,29,28.0,57.076557,11.670414,55.65347,15.815437,660.4638501901181,13.162833879310345,30.0,183.0,10.8,route_11,0.7462628402358805,4.795456359282805,4.7435108245362505,1.0109508624873083,0.821647436806511,True,anchorage_146,55.205532567567566,15.287495499999999,59.91991679079197,0.032299785007098354
257958000,2026-01-02 05:00:00,2026-01-02 11:00:00,7,6.0,56.359127,3.3570664,56.37043,3.396617,5.4521983712871815,1.4878388571428574,17.0,82.0,5.8,route_02,0.9955630222626668,3.418372492191033,3.1266177215723197,1.0933132210585679,0.8210941602282591,True,anchorage_149,55.57914886238532,4.761725040366973,122.28999703466185,0.016091399531067994
246140000,2026-01-05 03:00:00,2026-01-06 11:00:00,33,32.0,55.71173,6.844068,57.958267,12.104362,452.4270451350451,7.985984149727272,13.0,83.0,5.3,route_10,0.8374552532199315,5.012102529838337,4.83570377166518,1.0364784044892836,0.8179949900619798,True,anchorage_151,58.08231781818183,11.805268727272727,22.372263297203013,0.08206049539229794
304050000,2026-01-07 17:00:00,2026-01-07 20:00:00,4,3.0,56.07535,15.076215,55.998947,15.705618,40.01139446436193,9.27234775,12.0,89.0,5.5,route_09,0.9926297816515123,4.057741550153723,3.740023557864132,1.084950799740693,0.8155556543926417,True,anchorage_146,55.205532567567566,15.287495499999999,92.05017071436932,0.021265245823678586
565843000,2026-01-10 18:00:00,2026-01-10 23:00:00,6,5.0,54.34078,7.3129725,54.4269,7.2127514,21.2111332753281,1.46614226,20.0,120.0,8.1,route_08,0.9818180663014142,4.205991574911149,3.907456090320062,1.0764014943969937,0.8118466042223917,True,anchorage_047,54.75868224661246,8.294702672086721,78.86418561977246,0.024732828070563925
305666000,2026-01-04 06:00:00,2026-01-05 18:00:00,37,36.0,54.014263,9.296757,55.6253,15.789072,491.5464033340658,7.647563758378377,14.0,119.0,6.4,route_04,0.986595388911517,4.30891223318898,3.9988863107056822,1.077528066165149,0.8114972023959824,True,anchorage_146,55.205532567567566,15.287495499999999,56.39895046390512,0.03424719081614571
636021135,2026-01-03 16:00:00,2026-01-07 19:00:00,100,99.0,55.714256,15.997038,57.7841,8.290512,928.8789783750328,5.363623691502999,44.0,250.0,8.7,route_06,0.7977771916338403,4.818433569639988,4.795039096516717,1.0048788910063873,0.8042148703463303,True,anchorage_061,57.121492665178046,8.598549033846517,75.94792528452767,0.025658155655837466
538009722,2026-01-03 02:00:00,2026-01-04 06:00:00,29,28.0,58.53604,9.640972,55.142838,7.0761743,422.20008366706685,8.169277148275862,22.0,140.0,5.4,route_10,0.8856625976115781,5.000008247651682,4.83570377166518,1.0339773658074847,0.804067374952719,True,anchorage_047,54.75868224661246,8.294702672086721,88.76388609349989,0.022035195781940315
265019000,2026-01-01 00:00:00,2026-01-03 20:00:00,69,68.0,57.72221,10.600331,55.697002,15.599349,539.7175891795779,4.553115999392754,12.0,48.0,6.8,route_05,0.8216114018370415,4.826209917405285,4.7727135229159625,1.0112088006607691,0.8030037500363165,True,anchorage_146,55.205532567567566,15.287495499999999,58.07941496087208,0.03328927222914105
211757470,2026-01-09 14:00:00,2026-01-10 14:00:00,25,24.0,57.596912,9.953991,55.066742,8.520411,357.2474313484381,8.267491812,6.0,16.0,3.0,route_10,0.7919727200203711,4.839505643211443,4.83570377166518,1.0007862085284338,0.8025964763912325,True,anchorage_012,55.08712006286044,8.567603059976932,3.762844005762657,0.3470508655101656
636022723,2026-01-07 21:00:00,2026-01-10 17:00:00,69,68.0,54.81374,16.58493,55.013424,6.8094635,1386.1534093587804,11.808844323188406,51.0,366.0,11.1,route_06,0.9323232642182705,5.016772699486033,4.795039096516717,1.0462422930253876,0.8016009037144731,True,anchorage_047,54.75868224661246,8.294702672086721,99.12674985687312,0.019777160868223724
246745000,2026-01-04 21:00:00,2026-01-07 05:00:00,57,56.0,58.462967,10.077734,55.331997,7.303651,601.8876542084342,6.1167982580175435,16.0,150.0,4.7,route_01,0.8717762627652147,4.561106213184204,4.454993695235818,1.023818780722824,0.7999200198508144,True,anchorage_003,55.46781469590185,8.433565617789089,72.9246212487608,0.026693494964221506
211325510,2026-01-01 00:00:00,2026-01-05 09:00:00,106,105.0,57.596615,11.787998,55.659187,15.997964,489.8145106480347,2.6780037113207547,11.0,53.0,6.5,route_01,0.8673159414941226,4.5506089937203456,4.454993695235818,1.02146249916959,0.7992678890036619,True,anchorage_146,55.205532567567566,15.287495499999999,67.48067896567345,0.028784980656105696
311995000,2026-01-02 02:00:00,2026-01-04 08:00:00,55,54.0,55.75804,15.85382,54.745785,7.367567,994.3402063703317,10.16198203818182,25.0,148.0,6.6,route_06,0.9636362043785563,5.038505754858166,4.795039096516717,1.0507746972320438,0.7971719718293937,True,anchorage_047,54.75868224661246,8.294702672086721,59.51315178393057,0.032513372213882744
563289200,2026-01-10 17:00:00,2026-01-10 23:00:00,7,6.0,54.380493,7.31337,54.51444,7.2668447,27.194537477958615,2.507830214285714,51.0,368.0,13.3,route_08,0.9872825011516034,4.132236420936374,3.907456090320062,1.0575260029596136,0.7963238769318094,True,anchorage_047,54.75868224661246,8.294702672086721,71.5055462485788,0.027208831198076693
304972000,2026-01-05 05:00:00,2026-01-06 22:00:00,42,41.0,54.788666,16.11483,53.986122,9.282824,492.398252487297,6.9078324781904765,24.0,140.0,7.4,route_00,0.8976804227997882,3.762410344395101,3.663217785296076,1.0270779857799275,0.7958883836349986,True,anchorage_057,54.15196263636363,9.371304,19.323288996513206,0.09379416094426338
219814000,2026-01-01 00:00:00,2026-01-02 07:00:00,32,31.0,57.14236,11.617264,55.730743,15.793058,664.1142161558352,11.9093952875,22.0,147.0,8.9,route_11,0.8398468988304253,4.776480441433443,4.7435108245362505,1.0069504673050715,0.7952511257711973,True,anchorage_146,55.205532567567566,15.287495499999999,66.52892001395219,0.029184758779108276
247389200,2026-01-01 23:00:00,2026-01-02 15:00:00,17,16.0,58.64934,9.846512,55.36822,6.6771584,426.03487124025935,15.468375705882352,58.0,337.0,8.6,route_10,0.894229014680846,4.9447825512443915,4.83570377166518,1.0225569606265708,0.7933604667997165,True,anchorage_143,55.50846652513967,5.062197154189944,103.0562955831735,0.019037412169331556
219558000,2026-01-01 00:00:00,2026-01-01 13:00:00,14,13.0,55.919567,15.350376,56.15299,14.824049,44.22764406017958,2.5523133292857145,22.0,143.0,7.0,route_09,0.9773967714690011,3.926723900798962,3.740023557864132,1.0499195633520158,0.7930904796467615,True,anchorage_159,55.55545537602628,14.359066684729063,72.50405205586394,0.02684417752876553
305773000,2026-01-09 03:00:00,2026-01-10 05:00:00,27,26.0,58.15591,11.0369625,55.43999,16.103031,567.5507742206839,12.238305122222222,22.0,140.0,6.2,route_05,0.90938194805685,4.9024230379331035,4.7727135229159625,1.0271773100133388,0.7930374954957916,True,anchorage_146,55.205532567567566,15.287495499999999,57.80677295369505,0.03344102851943684
235002520,2026-01-01 00:00:00,2026-01-01 21:00:00,22,21.0,54.518387,10.435441,55.7184,15.773186,393.572772625911,10.414116318181819,14.0,90.0,5.0,route_04,0.9639261372140198,4.172559355479135,3.9988863107056822,1.0434303531732074,0.7915912305764006,True,anchorage_146,55.205532567567566,15.287495499999999,64.72797232064309,0.02997243780148968
636091995,2026-01-07 04:00:00,2026-01-09 07:00:00,52,51.0,54.783478,13.485816,55.39279,7.1152496,978.2303257732332,10.619729826923075,30.0,208.0,10.7,route_06,0.9007597220800077,4.890613510241656,4.795039096516717,1.0199319362785524,0.7897590216889124,True,anchorage_003,55.46781469590185,8.433565617789089,83.59256253611116,0.023366516210520136
265413000,2026-01-07 18:00:00,2026-01-09 08:00:00,39,38.0,55.83887,15.842328,55.17005,7.3786693,943.485896030166,13.84343564102564,24.0,170.0,6.9,route_06,0.9836886681642513,5.0152638072892515,4.795039096516717,1.0459276152581347,0.7885235444025381,True,anchorage_047,54.75868224661246,8.294702672086721,74.23990456008352,0.02623298142279061
255805620,2026-01-01 00:00:00,2026-01-02 00:00:00,25,24.0,55.529205,10.856607,54.774567,16.465576,488.37540661530795,11.61105476,32.0,229.0,13.0,route_04,0.8675989234954704,4.026820677796054,3.9988863107056822,1.006985536701953,0.7883394216525971,True,anchorage_146,55.205532567567566,15.287495499999999,89.13159042118198,0.021946286581377757
257793000,2026-01-08 05:00:00,2026-01-10 10:00:00,54,53.0,56.603737,3.731508,56.297745,3.366558,60.85899493304016,1.278418317037037,24.0,90.0,6.1,route_02,1.0,3.283413591139053,3.1266177215723197,1.0501487177293563,0.7876115382970172,True,anchorage_149,55.57914886238532,4.761725040366973,118.03975539535877,0.016661146912644646
265063000,2026-01-06 22:00:00,2026-01-07 19:00:00,22,21.0,55.234013,7.069158,58.318672,11.358149,457.2341040144382,11.845948,23.0,149.0,5.9,route_10,0.8902935680556817,4.8934374841688495,4.83570377166518,1.0119390507007398,0.7863808960116344,True,anchorage_064,58.18683659881423,11.2086168784585,17.071632888620176,0.10486779038167084
257203000,2026-01-06 04:00:00,2026-01-08 10:00:00,55,54.0,58.205784,10.735003,57.891468,8.981627,718.9241571119084,7.636434116181818,15.0,90.0,5.7,route_07,0.8745036301818954,5.118470129321033,5.100996907258432,1.0034254523929895,0.7839431817492682,True,anchorage_066,57.59301078126156,9.961012352848686,66.9307194440027,0.029014639860602955
305821000,2026-01-09 08:00:00,2026-01-10 12:00:00,29,28.0,54.36592,10.155261,54.842896,16.243834,414.67748629112145,8.230391768965516,14.0,95.0,4.0,route_04,0.9852205536814695,4.15791898841585,3.9988863107056822,1.0397692420723268,0.7835217931338777,True,anchorage_146,55.205532567567566,15.287495499999999,73.08647093206903,0.026635956853124795
219028115,2026-01-04 15:00:00,2026-01-04 18:00:00,4,3.0,56.116615,14.834719,55.907158,15.749809,61.53419973754177,14.593155875,32.0,230.0,5.8040792,route_09,0.9869771356711681,3.882899205290461,3.740023557864132,1.0382018041372774,0.781907069185166,True,anchorage_146,55.205532567567566,15.287495499999999,83.25866734158096,0.023458025586855412
255805930,2026-01-06 14:00:00,2026-01-06 18:00:00,5,4.0,54.374264,7.297201,54.369793,7.360676,4.269063422184173,0.88331695,48.0,300.0,11.1,route_08,0.9932603143089869,4.063285830097806,3.907456090320062,1.039880100038432,0.7815949964515772,True,anchorage_038,54.631808243710694,8.384440261006292,72.23927663754368,0.026939917663321846
241940000,2026-01-10 19:00:00,2026-01-10 23:00:00,5,4.0,54.231846,7.3428073,54.066322,7.4785466,21.7459397952372,5.353352200000001,46.0,299.0,11.3,route_08,0.9975930462519935,4.046712691100969,3.907456090320062,1.0356386860305065,0.7773307529598814,True,anchorage_038,54.631808243710694,8.384440261006292,86.026143294977,0.02272052284851295
212569000,2026-01-07 03:00:00,2026-01-08 07:00:00,29,28.0,54.420147,10.223594,55.43175,16.156797,426.4833946901354,8.528733196551725,15.0,90.0,5.8,route_04,0.9930956775020727,4.121203795812044,3.9988863107056822,1.030587887627337,0.7746669963449846,True,anchorage_146,55.205532567567566,15.287495499999999,60.48036595389768,0.03201005579057808
538010585,2026-01-10 19:00:00,2026-01-10 23:00:00,5,4.0,53.856155,7.421837,53.655136,8.398961,72.4129823522772,10.07975806,38.0,200.0,8.9,route_08,0.9885704644383643,3.9753193923358516,3.907456090320062,1.0173676428978708,0.765883116063812,True,anchorage_057,54.15196263636363,9.371304,84.31620518441304,0.02317062011388285
219030184,2026-01-10 17:00:00,2026-01-10 23:00:00,7,6.0,55.90387,6.9333115,56.864006,7.7401843,117.90337698694802,10.819446142857142,16.0,103.0,7.0,route_03,0.9547444889827333,3.8304329491477285,3.8159107527646667,1.0038056960248718,0.7641681497729705,True,anchorage_144,56.792996430379745,7.466185170253165,18.445533226862025,0.09782087744096266
257243000,2026-01-09 09:00:00,2026-01-10 23:00:00,39,38.0,56.670204,4.052236,56.257095,3.4026666,86.41748247616142,1.995300942820513,20.0,97.0,5.8,route_02,0.9995234657039712,3.1829812371068367,3.1266177215723197,1.018026992921339,0.7636393782650115,True,anchorage_149,55.57914886238532,4.761725040366973,113.37281422618837,0.017335106310911345
244997000,2026-01-08 14:00:00,2026-01-09 12:00:00,23,22.0,54.44214,10.244251,55.729424,15.712198,405.10388573218853,10.295233913043479,14.0,97.0,5.5,route_04,0.9899013659638044,4.058094590005751,3.9988863107056822,1.0148061921994527,0.7636293026586384,True,anchorage_146,55.205532567567566,15.287495499999999,64.11059258747846,0.030252338115916474
477922300,2026-01-09 12:00:00,2026-01-09 15:00:00,4,3.0,54.537457,7.4024615,54.45968,7.356805,14.567562936317113,5.35769225,15.523753,84.82131,5.191768,route_08,0.9801630576903426,3.943529608138164,3.907456090320062,1.0092319701064503,0.7618832131572522,True,anchorage_047,54.75868224661246,8.294702672086721,68.94472665799609,0.028190960684666796
273274820,2026-01-03 05:00:00,2026-01-05 09:00:00,53,52.0,55.718845,15.743873,56.883137,7.441,761.258743072444,8.10620729245283,13.0,58.0,4.1,route_06,0.9880224048693597,4.821598091187613,4.795039096516717,1.0055388484090126,0.7571485350894195,True,anchorage_144,56.792996430379745,7.466185170253165,10.139572665023602,0.16475044510935521
308919000,2026-01-05 16:00:00,2026-01-05 19:00:00,4,3.0,55.33685,4.280409,55.092197,5.0012765,53.27281986636696,11.61103825,38.0,250.0,10.3,route_02,0.987415658178112,3.1375030637784858,3.1266177215723197,1.0034815072309806,0.7557572158787075,True,anchorage_143,55.50846652513967,5.062197154189944,46.44748042741552,0.04128181656415382
255915979,2026-01-07 21:00:00,2026-01-08 18:00:00,22,21.0,54.367393,10.167152,55.767418,15.850568,424.6860632627314,11.474789363636363,23.0,144.0,7.6,route_04,0.9879496348881808,4.008793527784501,3.9988863107056822,1.0024774940593575,0.7548707118224729,True,anchorage_146,55.205532567567566,15.287495499999999,71.8472960450786,0.02708291443439094
563277500,2026-01-05 07:00:00,2026-01-05 10:00:00,4,3.0,54.287888,7.313595,54.287636,7.504882,12.427772078753211,2.146875,14.913037,80.22365,4.9573607,route_08,0.9954977570541771,3.9198329675726122,3.907456090320062,1.0031675025813371,0.7535011876724587,True,anchorage_038,54.631808243710694,8.384440261006292,68.5306357029367,0.028356472050296937
477696600,2026-01-04 01:00:00,2026-01-04 07:00:00,7,6.0,54.288395,14.130815,54.288616,14.131033,0.0492698120362505,0.03428571428571429,32.0,190.0,12.6,route_09,0.991952584543313,3.7473542490469685,3.740023557864132,1.0019600655101282,0.7534819029967679,True,anchorage_032,54.617951705882355,13.427505088235293,58.390088027133146,0.03311801763066489
